,0,1,2,3,4,5,6,7,8,9,10,11,12,13,14,15,16,17,18,19,20,21,22,23,24,25,26,27,28,29,30,31,32,33,34,35,36,37,38,39,40,41,42,43,44,45,46,47,48,49,50,51,52,53,54,55,56,57,58,59,60
0,1.0,0.9608836436753175,0.966288644701932,0.9596939556248828,0.9695962434568762,0.9703227765502711,0.9693981192011623,0.9736718738239842,0.9763429368344252,0.9776757503942154,0.9750083137600316,0.9770095693463798,0.9714108530639539,0.9743403213608376,0.9750083137600316,0.9750083137600316,0.9736718738239842,0.9754239471353648,0.9770095693463798,0.9750083137600316,0.9688020785195175,0.9731669690992211,0.96976857327339,0.9711103478279622,0.9690969941855264,0.9628958796459067,0.9535772639604306,0.961892762510056,0.9673812269193446,0.9724977206063673,0.9776757503942154,0.9763429368344253,0.9763429368344253,0.9770095693463798,0.9760912030105762,0.9763429368344252,0.9770095693463798,0.9770095693463798,0.9756758519445876,0.9770095693463798,0.9756758519445876,0.9783414808886397,0.9763429368344252,0.9703227765502711,0.976342936834425,0.9723336096296308,0.9743403213608376,0.9756758519445876,0.9678001130796776,0.9395393769203355,0.9434433552079383,0.9283574262056298,0.9222928093669653,0.9189315124780871,0.9163425053659624,0.9085173643020091,0.9061837378412213,0.9103938336562303,0.9040879023047873,0.8935000062121847,0.31742720570905775
1,0.9608836436753175,1.0,0.9717658870466115,0.9652738179329453,0.9737537795859535,0.9757376387367752,0.9748272531884333,0.9790351736327519,0.9816652582840608,0.9829776721999199,0.9803510944262785,0.9823216835494242,0.9768089410404417,0.9796933540854108,0.9803510944262787,0.9803510944262787,0.9790351736327519,0.9807603528880671,0.9823216835494242,0.9803510944262785,0.9742404204718121,0.9785380293813732,0.9751919875467658,0.9765130663608561,0.9745307793077781,0.9684258160958824,0.9592530348468606,0.9674383194922651,0.9728415451556806,0.9778790744494171,0.9829776721999202,0.9816652582840608,0.9816652582840608,0.9823216835494242,0.9814173809908043,0.9816652582840607,0.9823216835494242,0.9823216835494242,0.9810083955339376,0.982321683549424,0.9810083955339376,0.9836332251025718,0.9816652582840608,0.9757376387367752,0.9816652582840608,0.9777174888630975,0.9796933540854108,0.9810083955339376,0.9732539485715307,0.9441330467077916,0.9492795942408255,0.9344362772199533,0.9284704843461726,0.9251642867225871,0.9212835039844888,0.9149223543163254,0.9112799603215191,0.9167676232381615,0.9105668419068406,0.8987928106861482,0.31283415170922946
2,0.966288644701932,0.9717658870466115,1.0,0.9706124223413748,0.9789651486488802,0.9809194319691484,0.9800226097694239,0.9841679642712581,0.9867591051647274,0.9880521323761198,0.9854643846823421,0.9874058300148861,0.9819747927694258,0.9848163873856953,0.9854643846823421,0.9854643846823421,0.9841679642712579,0.985867584751808,0.9874058300148861,0.9854643846823421,0.9794445279489421,0.9836781952063169,0.9803819083371671,0.981683318772039,0.979730556147315,0.9737169720806833,0.9646827895588482,0.9727443208474179,0.9780665380945515,0.9830290227997098,0.98805213237612,0.9867591051647274,0.9867591051647276,0.9874058300148861,0.9865148929132592,0.9867591051647276,0.9874058300148861,0.9874058300148861,0.9861119569974967,0.9874058300148861,0.9861119569974969,0.9886980130738834,0.9867591051647276,0.9809194319691483,0.9867591051647276,0.9828698372300982,0.9848163873856951,0.9861119569974967,0.978472780538912,0.949794765251052,0.9548618585640167,0.9402491273748349,0.9343772619870907,0.9311234341403883,0.9273044134746798,0.9210451888200157,0.9174615470703863,0.9228608021784994,0.9167599649206712,0.9051780187164373,0.32878359924531875
3,0.9596939556248827,0.9652738179329453,0.9706124223413748,1.0,0.9726068797007625,0.9745972744871094,0.9736838917223215,0.9779056379616923,0.9805443284265631,0.9818610264384069,0.9792258679570052,0.9812028972997787,0.9756720995342951,0.9798416591925412,0.9792258679570052,0.979225867957005,0.9779056379616923,0.9796364652061077,0.9812028972997787,0.9792258679570052,0.9730951252425332,0.9774068639408058,0.9740498272762854,0.9753752523941939,0.9733864410577274,0.9672612850666643,0.958057876859293,0.9662705079783737,0.9716916346866374,0.9767457472669687,0.9818610264384072,0.9805443284265632,0.9805443284265632,0.9812028972997786,0.9802956412290376,0.9805443284265632,0.9812028972997787,0.9812028972997786,0.97988531893965,0.9812028972997786,0.97988531893965,0.9825187167186498,0.9805443284265631,0.9745972744871094,0.9805443284265631,0.976583631325383,0.9785659745936592,0.97988531893965,0.9721053995443601,0.942886631161707,0.9480507357532594,0.9331564663375115,0.9271699186570093,0.923852149150196,0.9199577192263793,0.9162934674203873,0.9112834249475862,0.9154258696329164,0.9092030045549226,0.8973865305383858,0.3295180868083319
4,0.9695962434568762,0.9737537795859535,0.9789651486488802,0.9726068797007625,1.0,0.9828555676139105,0.9819637899023744,0.9860858749007857,0.9886625319188855,0.9899483488915388,0.9873750427661653,0.9893056490210866,0.9839049994500618,0.9867306690825043,0.9873750427661651,0.9873750427661651,0.9860858749007854,0.9877759896125884,0.9893056490210866,0.9873750427661651,0.9813889627236826,0.9855988488050509,0.9823210667870297,0.9836151621535086,0.981673380266762,0.9756937821748959,0.9667111482458883,0.9747266523003066,0.9800187406219487,0.984953314704947,0.9899483488915386,0.9886625319188855,0.9886625319188854,0.9893056490210866,0.9884196827591606,0.9886625319188855,0.9893056490210866,0.9893056490210866,0.9880189967723273,0.9893056490210866,0.9880189967723271,0.9905906323402235,0.9886625319188854,0.9828555676139105,0.9886625319188855,0.9847950217475594,0.9867306690825041,0.9880189967723271,0.9804226916667577,0.9519093990862102,0.9569469404843624,0.9424199731782208,0.9365830436363182,0.9333486945942703,0.9308926255117727,0.9233313328866575,0.9197695443342565,0.9251359157525876,0.9190722531711603,0.90756175487449,0.3386665044013804
5,0.9703227765502711,0.9757376387367751,0.9809194319691483,0.9745972744871094,0.9828555676139105,1.0,0.9839011444899712,0.988000063638303,0.990562301338703,0.991840940221537,0.9892820112802848,0.9912018267781809,0.9858314294565061,0.9886412450593557,0.9892820112802848,0.9892820112802848,0.9880000636383028,0.9896807149471248,0.9912018267781809,0.9892820112802848,0.9833295574616061,0.9875157682892167,0.9842564086939598,0.9855432215705002,0.9836123715207281,0.9776666081626543,0.9687352937464244,0.976704975091837,0.9819670685323842,0.9868738562851559,0.9918409402215369,0.990562301338703,0.990562301338703,0.9912018267781809,0.9903208091938362,0.9905623013387029,0.9912018267781809,0.9912018267781809,0.9899223631059719,0.9912018267781809,0.9899223631059717,0.9924796424633417,0.9905623013387029,0.9847879001771939,0.9905623013387029,0.9867164519632552,0.9886412450593557,0.9899223631059717,0.9823687383774892,0.9540194371756139,0.9590275575791176,0.9459058851204293,0.9387838265065727,0.9355688702877192,0.9317956930239654,0.9256121237809601,0.9220720922064856,0.9274057247459957,0.9213790731444373,0.9099397086606824,0.345015960420492
6,0.9693981192011623,0.9748272531884333,0.980022609769424,0.9736838917223215,0.9819637899023744,0.9839011444899712,1.0,0.9871216286164937,0.9896904789377543,0.9909724096522221,0.9884068874142226,0.9903316514936811,0.9849473806522229,0.9877644668303404,0.9884068874142226,0.9884068874142226,0.9871216286164934,0.9888066197910023,0.9903316514936811,0.9884068874142226,0.9824390127815055,0.9866360809613858,0.983368272936603,0.9846584255267818,0.9827225621906239,0.9767612823772527,0.9678064330262486,0.9757971284952374,0.9810729774560767,0.9859925078829593,0.990972409652222,0.9896904789377543,0.9896904789377543,0.9903316514936811,0.9894483644733978,0.9896904789377543,0.9903316514936811,0.9903316514936811,0.9890488911802121,0.9903316514936811,0.9890488911802121,0.9916127542150168,0.9896904789377543,0.9839011444899712,0.9896904789377543,0.9858346960374198,0.9877644668303404,0.9890488911802121,0.9814756934486498,0.9530511863338315,0.9580727991449055,0.9435920590171395,0.9377739601999591,0.9345501104335018,0.9307664445069431,0.9245655657576176,0.9210155564041902,0.9263642030339332,0.9203205781499915,0.9088485915445446,0.3404964155019474
7,0.9736718738239842,0.9790351736327519,0.9841679642712581,0.9779056379616923,0.9860858749007855,0.9880000636383032,0.9871216286164937,1.0,0.9937205132424958,0.9949872593046587,0.9924521508221712,0.9943540879323033,0.9890338133654967,0.991817361541311,0.992452150822171,0.992452150822171,0.9911821658422916,0.9928471379316155,0.9943540879323033,0.992452150822171,0.9865554099867367,0.9907023948727529,0.9874735581398335,0.9887483051398586,0.9868355673350454,0.9809458627748971,0.9720995773638647,0.9799933370723392,0.9852057336718898,0.9900664840652466,0.9949872593046588,0.993720513242496,0.993720513242496,0.9943540879323032,0.9934812694322419,0.993720513242496,0.9943540879323033,0.9943540879323033,0.9930865344637635,0.9943540879323033,0.9930865344637635,0.9956200281285837,0.9937205132424958,0.988000063638303,0.9937205132424958,0.9899105520617204,0.991817361541311,0.9930865344637635,0.9856036239365585,0.9575260342401202,0.9624854074166952,0.948185297106134,0.9424407789953861,0.9392579551581313,0.9355226735433728,0.9294016440047282,0.9258976625649772,0.9311770486085011,0.9252117221597992,0.913890223630864,0.347413704442911
8,0.976342936834425,0.9816652582840608,0.9867591051647276,0.9805443284265631,0.9886625319188855,0.990562301338703,0.9896904789377543,0.9937205132424958,1.0,0.9974971692450675,0.9949809912747128,0.9968687201291327,0.9915882790440361,0.9943509519762156,0.9949809912747128,0.9949809912747128,0.9937205132424958,0.9953730247706716,0.9968687201291325,0.9949809912747126,0.9891285266995355,0.9932443378845296,0.9900397583141475,0.9913049162959595,0.9894065726974441,0.9835614195346538,0.9747827095256043,0.9826161317273756,0.987789032880193,0.9926131963468218,0.9974971692450675,0.9962398745965363,0.9962398745965361,0.9968687201291325,0.9960024175752067,0.9962398745965363,0.9968687201291325,0.9968687201291327,0.9956106318962105,0.9968687201291327,0.9956106318962105,0.9981252226930449,0.9962398745965361,0.9905623013387029,0.9962398745965361,0.9924584344244533,0.9943509519762156,0.9956106318962105,0.9881839194188109,0.9603222693281939,0.9652429006489546,0.9510552264397328,0.9453565105549206,0.9421992245405706,0.9384940613466041,0.9324227369559751,0.9289474075250062,0.9341836794622108,0.9282670931258507,0.9170392733314637,0.353496219174369
9,0.9776757503942156,0.9829776721999199,0.98805213237612,0.9818610264384069,0.9899483488915386,0.9918409402215369,0.990972409652222,0.9949872593046587,0.9974971692450675,1.0,0.9962430046958112,0.99812366056647,0.9928630489363832,0.9956153299791426,0.9962430046958112,0.9962430046958112,0.9949872593046585,0.9966335678583508,0.99812366056647,0.9962430046958111,0.9904125812694777,0.9945128738746349,0.9913203697575376,0.99258075422824,0.9906895762143839,0.9861344214215021,0.9761215313078323,0.9839249165828894,0.9890781564096432,0.9938841065236368,0.9987497589077065,0.9974971692450675,0.9974971692450675,0.99812366056647,0.9972606017014639,0.9974971692450675,0.99812366056647,0.99812366056647,0.9968702842025935,0.99812366056647,0.9968702842025937,0.9993754650073615,0.9974971692450675,0.9918409402215369,0.9974971692450675,0.9937299270787042,0.9956153299791426,0.9968702842025937,0.9894715476594382,0.9617173959902658,0.9666187407700483,0.9524870399238217,0.9468111256658677,0.9436665531402083,0.9399763838363885,0.9339298043224594,0.9304687388724511,0.9356835471021988,0.9297912253025302,0.9186100424055257,0.35999977523640364
10,0.9750083137600316,0.9803510944262787,0.9854643846823421,0.9792258679570053,0.9873750427661651,0.9892820112802848,0.9884068874142226,0.9924521508221712,0.9949809912747128,0.9962430046958111,1.0,0.9956121979164648,0.9903118693006704,0.9930849645503512,0.9937173753565455,0.9937173753565455,0.992452150822171,0.9941108834929531,0.9956121979164648,0.9937173753565455,0.9878428051059561,0.991974180294734,0.9887574899223227,0.9900274353862789,0.9881219052322504,0.9822545089926926,0.9734420606946148,0.9813056075341705,0.9864982274976006,0.9913406576186062,0.9962430046958112,0.9949809912747128,0.9949809912747126,0.9956121979164648,0.9947426421696551,0.9949809912747126,0.9956121979164648,0.9956121979164648,0.9943493840092982,0.9956121979164648,0.9943493840092982,0.9968734123716017,0.9949809912747128,0.9892820112802848,0.9949809912747126,0.991185311513413,0.9930849645503512,0.9943493840092982,0.9868946136991934,0.958925151552551,0.9638651255613647,0.949621315185453,0.9438997314803254,0.9407296951015244,0.9370094945563016,0.9309133536320673,0.9274237189525383,0.9326815167052238,0.9267405956242635,0.9154660042180244,0.3574217279848346
11,0.9770095693463798,0.982321683549424,0.9874058300148861,0.9812028972997787,0.9893056490210866,0.9912018267781809,0.9903316514936811,0.9943540879323033,0.9968687201291327,0.99812366056647,0.9956121979164649,1.0,0.992225868576877,0.9949833417720606,0.9956121979164648,0.9956121979164648,0.9943540879323033,0.9960034957089244,0.9974963876964318,0.9956121979164648,0.9897707619577293,0.9938788081915659,0.9906802707533807,0.9919430402384117,0.9900482820458477,0.9842142260753631,0.9754523483340855,0.9832707411409468,0.98843380446636,0.9932488546136122,0.99812366056647,0.9968687201291327,0.9968687201291325,0.9974963876964318,0.996631708171455,0.9968687201291325,0.9974963876964318,0.9974963876964318,0.9962406571185889,0.9974963876964318,0.9962406571185889,0.9987505394828884,0.9968687201291325,0.9912018267781809,0.9968687201291325,0.9930943841425063,0.9949833417720606,0.9962406571185889,0.9888279428154104,0.9610200810242587,0.9659310620768248,0.9517713948396174,0.9460840880180562,0.9429331633439542,0.9392355025117121,0.9331765594901938,0.9297083671929826,0.9349338995357918,0.9290294542179521,0.9178249696620568,0.3532748955182032
12,0.9714108530639539,0.9768089410404418,0.9819747927694258,0.975672099534295,0.9839049994500618,0.9858314294565061,0.9849473806522229,0.9890338133654966,0.991588279044036,0.9928630489363832,0.9903118693006706,0.992225868576877,1.0,0.9896730475049539,0.9903118693006704,0.9903118693006704,0.9890338133654966,0.9907093638923727,0.992225868576877,0.9903118693006704,0.9843775400733281,0.9885509898920979,0.985301560016406,0.9865844476150932,0.9846594898503389,0.9787319635365174,0.9698283106549606,0.9777732932693778,0.9830192193468079,0.9879110302028051,0.9928630489363831,0.9915882790440361,0.9915882790440363,0.992225868576877,0.9913475183305446,0.9915882790440363,0.992225868576877,0.992225868576877,0.9909502795490748,0.992225868576877,0.9909502795490747,0.9934998209088163,0.9915882790440361,0.9858314294565061,0.9915882790440361,0.9877541048567802,0.9896730475049539,0.9909502795490748,0.9834196596181956,0.9551587510705704,0.9601510132071659,0.945755453452024,0.9399720532385427,0.9367675501123802,0.9330067007889749,0.9268434764659265,0.9233151724082641,0.9286311579413041,0.9226244561111208,0.911223434608793,0.34683653828530747
13,0.9743403213608376,0.979693354085411,0.9848163873856953,0.9798416591925412,0.9867306690825043,0.9886412450593558,0.9877644668303404,0.991817361541311,0.9943509519762154,0.9956153299791426,0.9930849645503512,0.9949833417720605,0.9896730475049539,1.0,0.993084964550351,0.9930849645503512,0.991817361541311,0.9934792116300978,0.9949833417720606,0.9930849645503512,0.9871993171450756,0.9913384914538562,0.9881157323591795,0.9893880768292209,0.9874789454945271,0.9816004032743263,0.9727710488093642,0.9806496910218091,0.9858521920536869,0.9907037755887511,0.9956153299791428,0.9943509519762156,0.9943509519762156,0.9949833417720605,0.9941121558472152,0.9943509519762158,0.9949833417720606,0.9949833417720606,0.9937181598252466,0.9949833417720605,0.9937181598252464,0.9962469173613947,0.9943509519762156,0.9886412450593557,0.9943509519762156,0.990548136749466,0.9924513653802775,0.9937181598252464,0.9862493297351749,0.9582258433671778,0.9631755098790075,0.9489035700673552,0.9431705275072021,0.9399941020496377,0.9362663664505912,0.9301577902558879,0.9280069341396032,0.9319295714661451,0.9259764565552974,0.9146784285766053,0.3611302946184333
14,0.9750083137600316,0.9803510944262787,0.9854643846823421,0.9792258679570052,0.9873750427661651,0.9892820112802848,0.9884068874142226,0.992452150822171,0.9949809912747128,0.9962430046958112,0.9937173753565455,0.9956121979164648,0.9903118693006706,0.9930849645503512,1.0,0.9937173753565455,0.992452150822171,0.9941108834929531,0.9956121979164648,0.9937173753565455,0.9878428051059561,0.9919741802947343,0.9887574899223227,0.9900274353862789,0.9881219052322504,0.9822545089926926,0.9734420606946148,0.9813056075341705,0.9864982274976006,0.9913406576186065,0.9962430046958112,0.9949809912747128,0.9949809912747128,0.9956121979164648,0.9947426421696551,0.9949809912747128,0.9956121979164648,0.9956121979164648,0.9943493840092982,0.9956121979164648,0.9943493840092982,0.9968734123716017,0.9949809912747126,0.9892820112802848,0.9949809912747128,0.991185311513413,0.9930849645503512,0.994349384009298,0.9868946136991934,0.958925151552551,0.9638651255613647,0.949621315185453,0.9438997314803254,0.9407296951015244,0.9370094945563016,0.9309133536320673,0.9274237189525382,0.9326815167052238,0.9267405956242635,0.9154660042180244,0.3539401172764369
15,0.9750083137600318,0.9803510944262787,0.9854643846823421,0.9792258679570053,0.9873750427661651,0.9892820112802848,0.9884068874142226,0.9924521508221709,0.9949809912747128,0.9962430046958112,0.9937173753565455,0.9956121979164648,0.9903118693006706,0.9930849645503512,0.9937173753565455,1.0,0.992452150822171,0.994110883492953,0.9956121979164648,0.9937173753565455,0.9878428051059561,0.991974180294734,0.9887574899223227,0.9900274353862789,0.9881219052322504,0.9822545089926926,0.9734420606946147,0.9813056075341705,0.9864982274976006,0.9913406576186062,0.9962430046958111,0.9949809912747128,0.9949809912747128,0.9956121979164648,0.9947426421696551,0.9949809912747126,0.9956121979164648,0.9956121979164648,0.9943493840092982,0.9956121979164648,0.9943493840092982,0.9968734123716017,0.9949809912747126,0.9892820112802848,0.9949809912747128,0.991185311513413,0.9930849645503512,0.9943493840092982,0.9868946136991934,0.958925151552551,0.9638651255613649,0.9496213151854529,0.9438997314803254,0.9407296951015244,0.9370094945563016,0.9309133536320673,0.9274237189525383,0.9326815167052238,0.9267405956242635,0.9154660042180244,0.3574217279848346
16,0.9736718738239843,0.9790351736327519,0.9841679642712581,0.9779056379616923,0.9860858749007857,0.988000063638303,0.9871216286164937,0.9911821658422916,0.9937205132424958,0.9949872593046585,0.992452150822171,0.9943540879323032,0.9890338133654966,0.991817361541311,0.992452150822171,0.9924521508221712,1.0,0.9928471379316155,0.9943540879323033,0.9924521508221709,0.9865554099867367,0.9907023948727529,0.9874735581398335,0.9887483051398585,0.9868355673350456,0.9809458627748973,0.9720995773638647,0.9799933370723392,0.9852057336718898,0.9900664840652467,0.9949872593046588,0.993720513242496,0.993720513242496,0.9943540879323033,0.9934812694322419,0.993720513242496,0.9943540879323033,0.9943540879323032,0.9930865344637635,0.9943540879323032,0.9930865344637635,0.9956200281285837,0.9937205132424958,0.988000063638303,0.9937205132424958,0.9899105520617202,0.991817361541311,0.9930865344637633,0.9856036239365585,0.9575260342401201,0.9624854074166952,0.948185297106134,0.9424407789953861,0.9392579551581313,0.935522673543373,0.9294016440047282,0.9258976625649772,0.9311770486085011,0.9252117221597994,0.913890223630864,0.3522154646837488
17,0.9754239471353648,0.9807603528880671,0.985867584751808,0.9796364652061075,0.9877759896125884,0.9896807149471248,0.9888066197910023,0.9928471379316155,0.9953730247706718,0.9966335678583508,0.9941108834929531,0.9960034957089244,0.9907093638923727,0.9934792116300976,0.9941108834929531,0.994110883492953,0.9928471379316155,1.0,0.9960034957089244,0.9941108834929531,0.9882432011953163,0.9923697267648862,0.9891568100219394,0.990425263744862,0.9885219728637494,0.9826615073829371,0.9738595716419362,0.9829854501627586,0.986900207654168,0.9917369460327096,0.9966335678583508,0.9953730247706716,0.9953730247706715,0.9960034957089243,0.995134953632037,0.9953730247706716,0.9960034957089243,0.9960034957089244,0.9947421542855102,0.9960034957089244,0.9947421542855102,0.9972632419746396,0.9953730247706716,0.9896807149471248,0.9953730247706716,0.9915817819542635,0.9934792116300976,0.9947421542855102,0.9872961265730471,0.9593602576919922,0.9642942047066134,0.950067885800661,0.9443534274667399,0.9425131871910587,0.937471848890822,0.9313834405171789,0.9278982631868345,0.9331493537444624,0.927216015087873,0.9159559971494841,0.3559684135258685
18,0.9770095693463798,0.9823216835494242,0.9874058300148864,0.9812028972997787,0.9893056490210866,0.9912018267781809,0.9903316514936811,0.9943540879323033,0.9968687201291327,0.99812366056647,0.9956121979164649,0.9974963876964318,0.992225868576877,0.9949833417720606,0.9956121979164648,0.9956121979164648,0.9943540879323032,0.9960034957089244,1.0,0.9956121979164648,0.9897707619577293,0.9938788081915659,0.9906802707533807,0.9919430402384117,0.9900482820458479,0.9842142260753631,0.9754523483340855,0.9832707411409468,0.9884338044663599,0.9932488546136122,0.99812366056647,0.9968687201291327,0.9968687201291325,0.9974963876964318,0.996631708171455,0.9968687201291325,0.9974963876964318,0.9974963876964318,0.9962406571185891,0.9974963876964318,0.9962406571185889,0.9987505394828884,0.9968687201291327,0.9912018267781808,0.9968687201291327,0.9930943841425063,0.9949833417720606,0.9962406571185891,0.9888279428154104,0.9610200810242587,0.9659310620768247,0.9517713948396171,0.9460840880180562,0.9429331633439542,0.9392355025117121,0.9331765594901938,0.9297083671929826,0.9349338995357919,0.9290294542179521,0.9178249696620567,0.3567499626247772
19,0.9750083137600316,0.9803510944262787,0.9854643846823421,0.979225867957005,0.9873750427661651,0.9892820112802848,0.9884068874142226,0.992452150822171,0.9949809912747128,0.9962430046958112,0.9937173753565457,0.9956121979164648,0.9903118693006704,0.9930849645503512,0.9937173753565457,0.9937173753565455,0.992452150822171,0.9941108834929531,0.9956121979164648,1.0,0.9878428051059561,0.9919741802947343,0.9887574899223227,0.9900274353862788,0.9881219052322504,0.9822545089926926,0.9734420606946147,0.9813056075341705,0.9864982274976006,0.9913406576186062,0.9962430046958111,0.9949809912747128,0.9949809912747128,0.9956121979164648,0.9947426421696551,0.9949809912747128,0.9956121979164648,0.9956121979164648,0.9943493840092982,0.9956121979164648,0.994349384009298,0.9968734123716017,0.9949809912747128,0.9892820112802848,0.9949809912747128,0.991185311513413,0.9930849645503512,0.9943493840092982,0.9868946136991934,0.958925151552551,0.9638651255613647,0.949621315185453,0.9438997314803254,0.9407296951015244,0.9370094945563017,0.9309133536320673,0.9274237189525382,0.932681516705224,0.9267405956242635,0.9154660042180243,0.35394011727643687
20,0.9688020785195175,0.9742404204718121,0.9794445279489421,0.973095125242533,0.9813889627236826,0.9833295574616061,0.9824390127815055,0.9865554099867367,0.9891285266995355,0.9904125812694777,0.9878428051059563,0.9897707619577293,0.9843775400733281,0.9871993171450758,0.9878428051059561,0.9878428051059561,0.9865554099867367,0.9882432011953162,0.9897707619577293,0.9878428051059561,1.0,0.9860690543576955,0.9827957955032154,0.984088102837615,0.9821490049879767,0.976177714152226,0.967207680391705,0.9752119338761861,0.9804966577226181,0.9854244095727296,0.9904125812694777,0.9891285266995357,0.9891285266995359,0.9897707619577293,0.9888860107212227,0.9891285266995357,0.9897707619577293,0.9897707619577293,0.9884858746860882,0.9897707619577293,0.9884858746860881,0.9910539854409799,0.9891285266995355,0.9845990560303899,0.9891285266995357,0.9852663347975446,0.9871993171450758,0.9884858746860882,0.9809000486767415,0.9524270198399528,0.9574573377175456,0.9429513341526987,0.9371229442180994,0.9338933565244312,0.9301029235438131,0.9238908771000853,0.9203344303235966,0.9256927636860773,0.9196381880465773,0.9081451544871902,0.34740393673781034
21,0.9731669690992211,0.9785380293813731,0.9836781952063169,0.9774068639408058,0.9855988488050509,0.987515768289217,0.9866360809613857,0.9907023948727529,0.9932443378845296,0.9945128738746347,0.9919741802947343,0.9938788081915658,0.9885509898920979,0.9913384914538562,0.991974180294734,0.991974180294734,0.9907023948727529,0.9923697267648861,0.9938788081915658,0.9919741802947339,0.9860690543576955,1.0,0.986988512372627,0.9882650753530071,0.9863496115558332,0.9804514698192718,0.9715923869908738,0.9794975734018551,0.9847174496718354,0.9895851289413222,0.9945128738746347,0.9932443378845298,0.9932443378845298,0.9938788081915658,0.9930047556887205,0.9932443378845298,0.9938788081915658,0.9938788081915659,0.9926094621781906,0.9938788081915658,0.9926094621781903,0.9951465357066049,0.9932443378845296,0.987515768289217,0.9932443378845296,0.9894289753460791,0.9913384914538562,0.9926094621781903,0.9851159087849202,0.9569974246209109,0.9619641346432687,0.9476427315020032,0.9418895395527593,0.938701879481207,0.9349608941928985,0.9288304517766354,0.926668479417602,0.930608595126058,0.9246340385788966,0.9132947998578157,0.35472845718459817
22,0.9697685732733903,0.9751919875467658,0.9803819083371673,0.9740498272762854,0.9823210667870297,0.9842564086939598,0.983368272936603,0.9874735581398335,0.9900397583141475,0.9913203697575373,0.9887574899223227,0.9906802707533807,0.985301560016406,0.9881157323591795,0.9887574899223227,0.9887574899223227,0.9874735581398335,0.9891568100219394,0.9906802707533807,0.9887574899223227,0.9827957955032154,0.986988512372627,1.0,0.9850129043627694,0.9830790502055443,0.9771239889320188,0.968178571684095,0.9761608453167451,0.9814311814696178,0.986345605004546,0.9913203697575376,0.9900397583141477,0.9900397583141477,0.9906802707533807,0.9897978932574536,0.9900397583141477,0.9906802707533807,0.9906802707533807,0.9893988316384532,0.9906802707533807,0.9893988316384532,0.9919600561254248,0.9900397583141474,0.9842564086939598,0.9900397583141475,0.9861879564826336,0.9881157323591795,0.989398831638453,0.9818334781969192,0.9534391113615778,0.9584553168265829,0.9439902696606192,0.9381785634193218,0.9349582779080086,0.9311788155070863,0.9249848738586344,0.9214388632801638,0.9267814927417082,0.9207446702073802,0.9120240828529124,0.34862233169317414
23,0.9711103478279622,0.9765130663608562,0.981683318772039,0.9753752523941939,0.9836151621535086,0.9855432215705004,0.9846584255267818,0.9887483051398585,0.9913049162959596,0.99258075422824,0.9900274353862789,0.9919430402384117,0.9865844476150932,0.9893880768292211,0.9900274353862789,0.9900274353862789,0.9887483051398585,0.990425263744862,0.991943040238412,0.9900274353862788,0.984088102837615,0.9882650753530071,0.9850129043627694,1.0,0.984370291201141,0.9784377305185964,0.9695264416116737,0.9774782423637405,0.9827286314716488,0.987624576724297,0.99258075422824,0.9913049162959595,0.9913049162959596,0.9919430402384117,0.9910639536698467,0.9913049162959595,0.991943040238412,0.9919430402384117,0.9906663816097941,0.9919430402384117,0.9906663816097941,0.9932180590540001,0.9913049162959595,0.9855432215705004,0.9913049162959596,0.9874675191562551,0.9893880768292211,0.9906663816097941,0.9831294111689789,0.9548441016213857,0.9598407414780566,0.9454324768546734,0.9396439012380863,0.9364365124966075,0.932672259997239,0.9265034193752004,0.9229718778856233,0.9282927349506761,0.9222805259000137,0.910868919637039,0.3466873344238715
24,0.9690969941855266,0.9745307793077781,0.979730556147315,0.9733864410577274,0.981673380266762,0.9836123715207281,0.9827225621906239,0.9868355673350454,0.9894065726974441,0.9906895762143839,0.9881219052322504,0.9900482820458479,0.9846594898503389,0.9874789454945272,0.9881219052322504,0.9881219052322504,0.9868355673350454,0.9885219728637494,0.9900482820458477,0.9881219052322504,0.9821490049879765,0.9863496115558332,0.9830790502055443,0.984370291201141,1.0,0.9764664574589504,0.9675039381464099,0.9755014820516342,0.9807818139003823,0.9857054971365686,0.9906895762143839,0.9894065726974441,0.9894065726974441,0.9900482820458479,0.9891642554202362,0.9894065726974441,0.9900482820458479,0.9900482820458479,0.9887644473626299,0.9900482820458479,0.9887644473626299,0.9913304560069944,0.9894065726974441,0.9836123715207281,0.9894065726974441,0.9855475524798976,0.9874789454945272,0.9887644473626299,0.9811848708299089,0.95273585437505,0.957761864301,0.9432683630683275,0.9374450659834097,0.9342183178640433,0.9304312337492969,0.9255723374865285,0.9206714529099227,0.9260249925245991,0.919975836169464,0.9084932182718406,0.34034530973579014
25,0.9628958796459067,0.9684258160958825,0.9737169720806833,0.9672612850666643,0.9756937821748959,0.9776666081626543,0.9767612823772527,0.9809458627748973,0.9835614195346541,0.9861344214215022,0.9822545089926926,0.9842142260753634,0.9787319635365174,0.9816004032743263,0.9822545089926926,0.9822545089926926,0.9809458627748971,0.9826615073829369,0.9842142260753634,0.9822545089926926,0.976177714152226,0.9804514698192718,0.9771239889320188,0.9784377305185964,0.9764664574589504,1.0,0.9612745050037595,0.9694136242368969,0.974786630080258,0.9797961642336963,0.9848666012692642,0.9835614195346541,0.9835614195346541,0.9842142260753634,0.983314909479062,0.9835614195346544,0.9842142260753634,0.9842142260753634,0.9829081807928114,0.9842142260753634,0.9829081807928112,0.9855185459678792,0.983561419534654,0.9776666081626543,0.9835614195346541,0.9809096824044684,0.9816004032743263,0.9829081807928114,0.9751967351692752,0.9475575592601745,0.9526678095609079,0.9366006571154654,0.9306699025392887,0.9273832406458079,0.9248723728049035,0.9185579397685294,0.9135818912855115,0.9203896127257648,0.9128730762480768,0.9039269217665383,0.33265771103999214
26,0.9535772639604309,0.9592530348468606,0.9646827895588482,0.958057876859293,0.9667111482458884,0.9687352937464244,0.9678064330262485,0.9720995773638647,0.9747827095256043,0.9761215313078323,0.9734420606946148,0.9754523483340857,0.9698283106549606,0.9727710488093642,0.9734420606946148,0.9734420606946148,0.9720995773638647,0.9738595716419362,0.9754523483340857,0.9734420606946147,0.967207680391705,0.971592386990874,0.9681785716840952,0.9695264416116737,0.9675039381464099,0.9612745050037595,1.0,0.9602667873140666,0.9657803562907568,0.9709201067964455,0.9761215313078323,0.9747827095256043,0.9747827095256043,0.9767322976962223,0.9745298398551018,0.9747827095256043,0.9754523483340855,0.9754523483340857,0.9741126139557144,0.9754523483340855,0.9741126139557146,0.9767902593704078,0.9747827095256043,0.9687352937464244,0.9747827095256043,0.9707552520318599,0.9727710488093642,0.9741126139557144,0.9662011517610709,0.9364770022680263,0.9417317696383257,0.9279155005949559,0.920480668495278,0.9211639800139106,0.9131382446762911,0.9093736469230268,0.9070341390736291,0.9112541924338128,0.9035607934277904,0.8957131134058934,0.3381969196004559
27,0.9618927625100562,0.9674383194922651,0.9727443208474179,0.9662705079783737,0.9747266523003066,0.976704975091837,0.9757971284952374,0.9799933370723392,0.9826161317273755,0.9839249165828894,0.9813056075341705,0.9832707411409466,0.977773293269378,0.9806496910218091,0.9813056075341705,0.9813056075341705,0.9799933370723392,0.9829854501627583,0.9832707411409466,0.9813056075341705,0.9752119338761859,0.9794975734018551,0.9761608453167451,0.9774782423637404,0.9755014820516344,0.9694136242368973,0.9602667873140666,1.0,0.9738169681475735,0.978840449686082,0.9839249165828894,0.9826161317273756,0.9826161317273758,0.9832707411409468,0.982368940504759,0.9826161317273756,0.9832707411409468,0.9832707411409468,0.9819610874800941,0.9832707411409468,0.9819610874800941,0.9845786589124492,0.9826161317273756,0.9767049750918372,0.9826161317273755,0.9786793133649264,0.9806496910218091,0.9819610874800941,0.9742282182804787,0.9451902200704319,0.9503218947750042,0.9355217403295514,0.929573529260044,0.9262771344261062,0.9224079125292177,0.9174227063879399,0.9151582399667813,0.919259888393939,0.911723485773479,0.899985409106833,0.3496074407829516
28,0.9673812269193446,0.9728415451556806,0.9780665380945515,0.9716916346866376,0.9800187406219485,0.9819670685323845,0.9810729774560767,0.9852057336718898,0.987789032880193,0.9890781564096432,0.9864982274976004,0.98843380446636,0.9830192193468081,0.9858521920536869,0.9864982274976006,0.9864982274976006,0.9852057336718897,0.986900207654168,0.9884338044663599,0.9864982274976004,0.980496657722618,0.9847174496718352,0.9814311814696176,0.9827286314716488,0.9807818139003823,0.974786630080258,0.9657803562907565,0.9738169681475735,1.0,0.9840702470724886,0.9890781564096436,0.9877890328801933,0.9877890328801933,0.9884338044663599,0.9875455586175836,0.9877890328801933,0.9884338044663599,0.9884338044663599,0.987143840831408,0.9884338044663599,0.9871438408314078,0.9897220895271217,0.987789032880193,0.9819670685323842,0.987789032880193,0.9839115447699971,0.9858521920536869,0.987143840831408,0.9795278752500405,0.950939041785293,0.9559901355566078,0.9414238372833178,0.9369023869958547,0.9323276042963361,0.928521020921541,0.9222823214780194,0.9187105110749877,0.9240919629118366,0.9193670564564275,0.9078402464251397,0.3510560860072722
29,0.9724977206063673,0.9778790744494171,0.9830290227997098,0.9767457472669689,0.984953314704947,0.9868738562851559,0.9859925078829592,0.9900664840652467,0.9926131963468218,0.9938841065236367,0.9913406576186062,0.9932488546136122,0.9879110302028051,0.9907037755887511,0.9913406576186062,0.9913406576186062,0.9900664840652463,0.9917369460327096,0.9932488546136122,0.9913406576186062,0.9854244095727296,0.9895851289413222,0.986345605004546,0.987624576724297,0.9857054971365686,0.9797961642336963,0.9709201067964452,0.978840449686082,0.9840702470724886,1.0,0.9938841065236368,0.9926131963468218,0.9926131963468218,0.9932488546136122,0.9923731653115244,0.9926131963468218,0.9932488546136122,0.9932488546136122,0.9919771309428063,0.9932488546136122,0.9919771309428063,0.9945189528548651,0.9926131963468218,0.9868738562851559,0.9926131963468218,0.9887906693726308,0.9907037755887511,0.9919771309428063,0.9844694607128307,0.9562967338279182,0.9612731754689604,0.9469235294727344,0.9411588325542478,0.9379647577141994,0.9342162070946727,0.9280732794879574,0.9245566751865347,0.9311958478820832,0.9238682562055448,0.9125054870635428,0.3486537479296274
30,0.9776757503942154,0.9829776721999202,0.98805213237612,0.9818610264384072,0.9899483488915388,0.9918409402215369,0.990972409652222,0.9949872593046588,0.9974971692450675,0.9987497589077065,0.9962430046958112,0.99812366056647,0.9928630489363831,0.9956153299791428,0.9962430046958111,0.9962430046958112,0.9949872593046587,0.9966335678583508,0.99812366056647,0.9962430046958111,0.9904125812694777,0.9945128738746347,0.9913203697575376,0.99258075422824,0.9906895762143839,0.9848666012692642,0.9761215313078325,0.9839249165828894,0.9890781564096434,0.9938841065236368,1.0,0.9974971692450677,0.9974971692450677,0.99812366056647,0.9972606017014639,0.9974971692450677,0.99812366056647,0.99812366056647,0.9968702842025937,0.99812366056647,0.9968702842025935,0.9993754650073617,0.9974971692450675,0.9918409402215369,0.9974971692450675,0.9937299270787043,0.9956153299791428,0.9968702842025935,0.9894715476594386,0.9617173959902661,0.9666187407700485,0.952487039923822,0.9468111256658678,0.9436665531402083,0.9399763838363886,0.9339298043224594,0.9304687388724511,0.935683547102199,0.9297912253025302,0.9186100424055255,0.35999977523640364
31,0.9763429368344253,0.9816652582840608,0.9867591051647276,0.9805443284265632,0.9886625319188855,0.9905623013387029,0.9896904789377543,0.993720513242496,0.9962398745965363,0.9974971692450675,0.9949809912747128,0.9968687201291327,0.9915882790440363,0.9943509519762158,0.9949809912747126,0.9949809912747128,0.993720513242496,0.9953730247706716,0.9968687201291325,0.9949809912747128,0.9891285266995355,0.9932443378845298,0.9900397583141477,0.9913049162959595,0.9894065726974441,0.9835614195346541,0.9747827095256043,0.9826161317273758,0.9877890328801933,0.9926131963468218,0.9974971692450677,1.0,0.9962398745965361,0.9968687201291327,0.9960024175752069,0.9962398745965363,0.9968687201291325,0.9968687201291325,0.9956106318962105,0.9968687201291327,0.9956106318962105,0.9981252226930449,0.9962398745965361,0.9905623013387029,0.9962398745965363,0.9924584344244533,0.9943509519762158,0.9956106318962105,0.9881839194188109,0.960322269328194,0.9652429006489546,0.951055226439733,0.9453565105549209,0.9421992245405707,0.9384940613466043,0.9324227369559754,0.9289474075250062,0.934183679462211,0.9282670931258508,0.917039273331464,0.35697346338032704
32,0.9763429368344253,0.9816652582840608,0.9867591051647276,0.9805443284265635,0.9886625319188855,0.9905623013387029,0.9896904789377543,0.993720513242496,0.9962398745965361,0.9974971692450675,0.9949809912747128,0.9968687201291327,0.9915882790440363,0.9943509519762158,0.9949809912747128,0.9949809912747128,0.993720513242496,0.9953730247706716,0.9968687201291327,0.9949809912747128,0.9891285266995357,0.9932443378845298,0.9900397583141477,0.9913049162959596,0.9894065726974441,0.9835614195346541,0.9747827095256043,0.9826161317273758,0.9877890328801933,0.9926131963468218,0.9974971692450677,0.9962398745965361,1.0,0.9968687201291325,0.9960024175752069,0.9962398745965361,0.9968687201291327,0.9968687201291325,0.9956106318962105,0.9968687201291327,0.9956106318962105,0.9981252226930449,0.9962398745965361,0.9905623013387029,0.9962398745965361,0.9924584344244535,0.9943509519762158,0.9956106318962105,0.9881839194188111,0.9603222693281936,0.9652429006489546,0.9510552264397328,0.9453565105549209,0.9421992245405707,0.9384940613466043,0.9324227369559754,0.9289474075250059,0.934183679462211,0.9282670931258507,0.917039273331464,0.3604507075862851
33,0.9770095693463798,0.9823216835494242,0.9874058300148861,0.9812028972997789,0.9893056490210866,0.9912018267781809,0.9903316514936811,0.9943540879323033,0.9968687201291327,0.99812366056647,0.9956121979164648,0.9974963876964318,0.9922258685768772,0.9949833417720606,0.9956121979164648,0.9956121979164648,0.9943540879323032,0.9960034957089244,0.9974963876964318,0.9956121979164648,0.9897707619577293,0.9938788081915659,0.9906802707533807,0.9919430402384117,0.9900482820458479,0.9842142260753634,0.9767322976962223,0.9832707411409468,0.9884338044663599,0.9932488546136122,0.99812366056647,0.9968687201291327,0.9968687201291325,1.0,0.996631708171455,0.9968687201291325,0.9974963876964318,0.9974963876964318,0.9962406571185891,0.9974963876964318,0.9962406571185889,0.9987505394828884,0.9968687201291325,0.9912018267781809,0.9968687201291325,0.9930943841425063,0.9949833417720606,0.9962406571185889,0.9888279428154104,0.9610200810242587,0.9659310620768247,0.9517713948396171,0.9460840880180562,0.9429331633439542,0.9392355025117121,0.9331765594901938,0.9297083671929826,0.9349338995357918,0.9290294542179521,0.9178249696620567,0.3567499626247772
34,0.9760912030105762,0.9814173809908043,0.9865148929132592,0.9802956412290376,0.9884196827591606,0.9903208091938362,0.9894483644733978,0.993481269432242,0.9960024175752067,0.9972606017014639,0.9947426421696551,0.996631708171455,0.9913475183305448,0.9941121558472152,0.9947426421696551,0.9947426421696551,0.9934812694322419,0.995134953632037,0.996631708171455,0.9947426421696551,0.9888860107212227,0.9930047556887207,0.9897978932574536,0.9910639536698467,0.9891642554202362,0.983314909479062,0.9745298398551018,0.9823689405047591,0.9875455586175835,0.9923731653115246,0.9972606017014641,0.9960024175752069,0.9960024175752069,0.996631708171455,1.0,0.9960024175752069,0.996631708171455,0.996631708171455,0.9953727291597306,0.996631708171455,0.9953727291597306,0.9978890989158508,0.9960024175752067,0.9903208091938362,0.9960024175752067,0.9922182932719361,0.9941121558472152,0.9953727291597306,0.9879407278397724,0.9600587553215706,0.964983032722423,0.9507847768827794,0.9450817504191732,0.9419220609616733,0.9382140632254219,0.9321380609103838,0.9286600349326082,0.9339003644964302,0.9279791910485987,0.9167425547647563,0.35226708994802824
35,0.9763429368344253,0.9816652582840608,0.9867591051647276,0.9805443284265632,0.9886625319188855,0.990562301338703,0.9896904789377541,0.993720513242496,0.9962398745965361,0.9974971692450675,0.9949809912747128,0.9968687201291325,0.9915882790440361,0.9943509519762158,0.9949809912747128,0.9949809912747126,0.993720513242496,0.9953730247706715,0.9968687201291327,0.9949809912747128,0.9891285266995357,0.9932443378845298,0.9900397583141477,0.9913049162959595,0.9894065726974441,0.9835614195346544,0.9747827095256043,0.9826161317273756,0.9877890328801933,0.9926131963468218,0.9974971692450677,0.9962398745965363,0.9962398745965361,0.9968687201291325,0.9960024175752069,1.0,0.9968687201291325,0.9968687201291327,0.9956106318962105,0.9968687201291325,0.9956106318962105,0.9981252226930449,0.9962398745965361,0.9905623013387029,0.9962398745965363,0.9924584344244535,0.9943509519762158,0.9956106318962105,0.9881839194188111,0.9603222693281939,0.9652429006489546,0.9510552264397328,0.9453565105549209,0.9421992245405707,0.9384940613466043,0.9324227369559752,0.9289474075250062,0.934183679462211,0.9282670931258508,0.917039273331464,0.36045070758628506
36,0.9770095693463798,0.982321683549424,0.9874058300148861,0.9812028972997787,0.9893056490210866,0.9912018267781809,0.9903316514936811,0.9943540879323033,0.9968687201291325,0.99812366056647,0.9956121979164648,0.9974963876964318,0.992225868576877,0.9949833417720606,0.9956121979164649,0.9956121979164648,0.9943540879323033,0.9960034957089244,0.9974963876964318,0.9956121979164648,0.9897707619577293,0.9938788081915658,0.9906802707533807,0.9919430402384117,0.9900482820458479,0.9842142260753634,0.9754523483340855,0.9832707411409468,0.9884338044663599,0.9932488546136122,0.9981236605664701,0.9968687201291327,0.9968687201291325,0.9974963876964318,0.996631708171455,0.9968687201291325,1.0,0.9974963876964318,0.9962406571185889,0.9974963876964318,0.9962406571185889,0.9987505394828884,0.9968687201291325,0.9912018267781809,0.9968687201291325,0.9930943841425063,0.9949833417720606,0.9962406571185889,0.9888279428154104,0.9610200810242587,0.9659310620768247,0.9517713948396171,0.9460840880180562,0.9429331633439542,0.9392355025117121,0.9331765594901938,0.9297083671929823,0.9349338995357918,0.9290294542179521,0.9178249696620567,0.3567499626247772
37,0.9770095693463798,0.9823216835494242,0.9874058300148861,0.9812028972997787,0.9893056490210866,0.9912018267781809,0.9903316514936811,0.9943540879323033,0.9968687201291327,0.99812366056647,0.9956121979164648,0.9974963876964318,0.992225868576877,0.9949833417720606,0.9956121979164648,0.9956121979164648,0.9943540879323032,0.9960034957089243,0.9974963876964318,0.9956121979164648,0.9897707619577292,0.9938788081915659,0.9906802707533807,0.9919430402384117,0.9900482820458479,0.9842142260753634,0.9754523483340855,0.9832707411409466,0.9884338044663599,0.9932488546136122,0.99812366056647,0.9968687201291327,0.9968687201291327,0.9974963876964318,0.996631708171455,0.9968687201291325,0.9974963876964318,1.0,0.9962406571185891,0.9974963876964318,0.9962406571185891,0.9987505394828884,0.9968687201291327,0.9912018267781809,0.9968687201291327,0.9930943841425063,0.9949833417720606,0.9962406571185889,0.9888279428154104,0.9610200810242587,0.9659310620768247,0.9517713948396171,0.9460840880180562,0.9429331633439542,0.9392355025117121,0.9331765594901938,0.9297083671929826,0.9349338995357915,0.9290294542179521,0.9178249696620567,0.36022502973135123
38,0.9756758519445876,0.9810083955339376,0.9861119569974969,0.9798853189396499,0.9880189967723271,0.9899223631059719,0.9890488911802121,0.9930865344637635,0.9956106318962105,0.9968702842025937,0.9943493840092982,0.9962406571185889,0.9909502795490748,0.9937181598252464,0.9943493840092982,0.9943493840092982,0.9930865344637633,0.9947421542855102,0.9962406571185891,0.994349384009298,0.9884858746860881,0.9926094621781903,0.9893988316384532,0.9906663816097941,0.9887644473626299,0.9829081807928114,0.9741126139557144,0.9819610874800941,0.9871438408314078,0.9919771309428063,0.9968702842025935,0.9956106318962105,0.9956106318962105,0.9962406571185889,0.9953727291597305,0.9956106318962105,0.9962406571185889,0.9962406571185889,1.0,0.9962406571185889,0.9949802077792987,0.9974995139019973,0.9956106318962105,0.9899223631059719,0.9956106318962105,0.9918220771428297,0.9937181598252466,0.9949802077792987,0.9875394766531276,0.9596239598546472,0.9645542554803272,0.9503385335982956,0.9446283921019198,0.9414647355284108,0.9390827573573258,0.9316683354335668,0.9281858585519727,0.9334328856105303,0.9275041407037272,0.9162529519923369,0.35371795932447125
39,0.9770095693463798,0.9823216835494242,0.9874058300148861,0.9812028972997787,0.9893056490210866,0.9912018267781809,0.9903316514936811,0.9943540879323033,0.9968687201291325,0.99812366056647,0.9956121979164648,0.9974963876964318,0.992225868576877,0.9949833417720606,0.9956121979164649,0.9956121979164648,0.9943540879323033,0.9960034957089244,0.9974963876964318,0.9956121979164648,0.9897707619577293,0.9938788081915659,0.9906802707533807,0.9919430402384117,0.9900482820458477,0.9842142260753634,0.9754523483340855,0.9832707411409466,0.9884338044663599,0.9932488546136122,0.99812366056647,0.9968687201291327,0.9968687201291325,0.9974963876964318,0.996631708171455,0.9968687201291325,0.9974963876964318,0.9974963876964318,0.9962406571185889,1.0,0.9962406571185891,0.9987505394828884,0.9968687201291325,0.9912018267781809,0.9968687201291327,0.9930943841425063,0.9949833417720606,0.9962406571185889,0.9888279428154104,0.9610200810242587,0.9659310620768248,0.9517713948396171,0.9460840880180564,0.9429331633439542,0.9392355025117121,0.9331765594901938,0.9297083671929826,0.9349338995357918,0.9290294542179521,0.9178249696620567,0.3602250297313512
40,0.9756758519445876,0.9810083955339378,0.9861119569974969,0.97988531893965,0.9880189967723269,0.9899223631059717,0.9890488911802119,0.9930865344637635,0.9956106318962105,0.9968702842025937,0.9943493840092982,0.9962406571185889,0.9909502795490748,0.9937181598252464,0.994349384009298,0.9943493840092982,0.9930865344637635,0.9947421542855102,0.9962406571185889,0.9943493840092982,0.9884858746860881,0.9926094621781906,0.9893988316384534,0.9906663816097941,0.9887644473626299,0.9829081807928112,0.9741126139557144,0.9819610874800941,0.9871438408314078,0.9919771309428063,0.9968702842025935,0.9956106318962105,0.9956106318962105,0.9962406571185889,0.9953727291597309,0.9956106318962105,0.9962406571185891,0.9962406571185889,0.9949802077792986,0.9962406571185889,1.0,0.9974995139019973,0.9956106318962105,0.9899223631059719,0.9956106318962105,0.9918220771428294,0.9937181598252466,0.9949802077792987,0.9875394766531276,0.9596239598546472,0.9645542554803272,0.9503385335982956,0.9446283921019198,0.9414647355284108,0.9377520591074764,0.9316683354335666,0.9281858585519728,0.9334328856105303,0.9275041407037272,0.9162529519923369,0.35371795932447125
41,0.9783414808886397,0.9836332251025717,0.9886980130738834,0.9825187167186498,0.9905906323402235,0.992479642463342,0.9916127542150166,0.9956200281285837,0.9981252226930449,0.9993754650073615,0.9968734123716018,0.9987505394828884,0.9934998209088164,0.9962469173613947,0.9968734123716018,0.9968734123716017,0.9956200281285837,0.9972632419746396,0.9987505394828884,0.9968734123716017,0.9910539854409798,0.9951465357066049,0.9919600561254246,0.9932180590540001,0.9913304560069947,0.9855185459678792,0.9767902593704078,0.9845786589124492,0.9897220895271217,0.9945189528548652,0.9993754650073617,0.9981252226930449,0.9981252226930449,0.9987505394828884,0.9978890989158506,0.9981252226930449,0.9987505394828884,0.9987505394828884,0.9974995139019973,0.9987505394828884,0.9974995139019973,1.0,0.9981252226930449,0.992479642463342,0.9981252226930449,0.9943650640122681,0.9962469173613946,0.9974995139019973,0.9901147347647642,0.9624142152700145,0.9673059377312868,0.9532021628142612,0.94753762466873,0.9443993951266992,0.9407167065498039,0.934682472734368,0.931228523875192,0.9364326234277826,0.9305524076972885,0.9193944929780636,0.35977494277942645
42,0.9763429368344252,0.9816652582840608,0.9867591051647276,0.9805443284265632,0.9886625319188855,0.990562301338703,0.9896904789377541,0.993720513242496,0.9962398745965361,0.9974971692450675,0.9949809912747128,0.9968687201291325,0.9915882790440361,0.9943509519762156,0.9949809912747128,0.9949809912747128,0.9937205132424958,0.9953730247706716,0.9968687201291327,0.9949809912747126,0.9891285266995355,0.9932443378845296,0.9900397583141475,0.9913049162959595,0.9894065726974441,0.9835614195346541,0.9747827095256043,0.9826161317273755,0.987789032880193,0.9926131963468218,0.9974971692450675,0.9962398745965363,0.9962398745965363,0.9968687201291325,0.9960024175752067,0.9962398745965363,0.9968687201291325,0.9968687201291327,0.9956106318962105,0.9968687201291325,0.9956106318962105,0.9981252226930449,1.0,0.9905623013387029,0.9962398745965361,0.9924584344244533,0.9943509519762158,0.9956106318962105,0.9881839194188109,0.9603222693281939,0.9652429006489548,0.9510552264397328,0.9453565105549206,0.9421992245405707,0.9384940613466041,0.9324227369559751,0.9289474075250062,0.9341836794622108,0.9282670931258507,0.9170392733314637,0.35697346338032704
43,0.9703227765502711,0.9757376387367752,0.9809194319691483,0.9745972744871094,0.9828555676139105,0.9847879001771939,0.9839011444899712,0.988000063638303,0.9905623013387029,0.9918409402215369,0.9892820112802848,0.9912018267781809,0.9858314294565061,0.9886412450593557,0.9892820112802848,0.9892820112802848,0.9880000636383028,0.9896807149471248,0.9912018267781809,0.9892820112802848,0.9845990560303896,0.9875157682892168,0.9842564086939598,0.9855432215705004,0.983612371520728,0.9776666081626543,0.9687352937464244,0.9767049750918372,0.9819670685323845,0.9868738562851559,0.9918409402215369,0.9905623013387029,0.9905623013387029,0.9912018267781809,0.9903208091938362,0.990562301338703,0.9912018267781809,0.9912018267781809,0.9899223631059717,0.9912018267781809,0.9899223631059717,0.992479642463342,0.9905623013387029,1.0,0.990562301338703,0.9867164519632552,0.9886412450593558,0.9899223631059719,0.9823687383774892,0.9540194371756139,0.9590275575791177,0.9445859745440723,0.9387838265065724,0.9355688702877192,0.9317956930239654,0.9256121237809601,0.9220720922064857,0.9274057247459959,0.9213790731444373,0.9099397086606824,0.3415189364021297
44,0.9763429368344252,0.9816652582840608,0.9867591051647276,0.9805443284265631,0.9886625319188854,0.990562301338703,0.9896904789377543,0.9937205132424958,0.996239874596536,0.9974971692450675,0.9949809912747128,0.9968687201291325,0.9915882790440361,0.9943509519762156,0.9949809912747128,0.9949809912747126,0.9937205132424958,0.9953730247706716,0.9968687201291325,0.9949809912747126,0.9891285266995357,0.9932443378845296,0.9900397583141475,0.9913049162959595,0.9894065726974441,0.983561419534654,0.9747827095256043,0.9826161317273756,0.987789032880193,0.9926131963468218,0.9974971692450675,0.9962398745965363,0.9962398745965361,0.9968687201291325,0.9960024175752067,0.9962398745965361,0.9968687201291325,0.9968687201291327,0.9956106318962105,0.9968687201291325,0.9956106318962105,0.9981252226930449,0.996239874596536,0.990562301338703,1.0,0.9924584344244533,0.9943509519762156,0.9956106318962105,0.9881839194188109,0.9603222693281939,0.9652429006489546,0.9510552264397328,0.9453565105549206,0.9421992245405706,0.9384940613466041,0.9324227369559752,0.9289474075250059,0.9341836794622108,0.9282670931258504,0.9170392733314637,0.353496219174369
45,0.9723336096296308,0.9777174888630974,0.9828698372300982,0.9765836313253831,0.9847950217475593,0.9867164519632552,0.9858346960374198,0.9899105520617202,0.9924584344244533,0.993729927078704,0.991185311513413,0.9930943841425062,0.9877541048567802,0.9905481367494657,0.991185311513413,0.991185311513413,0.9899105520617202,0.9915817819542635,0.9930943841425063,0.991185311513413,0.9852663347975446,0.9894289753460791,0.9861879564826336,0.9874675191562551,0.9855475524798976,0.9809096824044681,0.9707552520318599,0.9786793133649263,0.9839115447699971,0.9887906693726308,0.9937299270787042,0.9924584344244533,0.9924584344244533,0.9930943841425063,0.992218293271936,0.9924584344244535,0.9930943841425063,0.9930943841425063,0.9918220771428297,0.9930943841425063,0.9918220771428294,0.9943650640122681,0.9924584344244529,0.9867164519632552,0.9924584344244531,1.0,0.990548136749466,0.9918220771428294,0.9843109435240138,0.9561249089088297,0.9611037380683674,0.9467471630826438,0.9409796435857551,0.9377839949759248,0.9340335883139719,0.927887597652571,0.9243692276947759,0.9296702648749856,0.9236804620166016,0.9123119200509112,0.34436177359309533
46,0.9743403213608376,0.9796933540854108,0.9848163873856953,0.9785659745936592,0.9867306690825043,0.9886412450593558,0.9877644668303404,0.9918173615413111,0.9943509519762156,0.9956153299791426,0.9930849645503512,0.9949833417720605,0.9896730475049539,0.9924513653802777,0.9930849645503512,0.9930849645503512,0.991817361541311,0.9934792116300976,0.9949833417720606,0.993084964550351,0.9871993171450756,0.9913384914538564,0.9881157323591795,0.9893880768292209,0.9874789454945271,0.9816004032743263,0.9727710488093642,0.9806496910218092,0.9858521920536869,0.9907037755887511,0.9956153299791428,0.9943509519762158,0.9943509519762158,0.9949833417720606,0.9941121558472152,0.9943509519762158,0.9949833417720606,0.9949833417720606,0.9937181598252464,0.9949833417720606,0.9937181598252464,0.9962469173613946,0.9943509519762156,0.9886412450593557,0.9943509519762156,0.9905481367494657,1.0,0.9937181598252464,0.9862493297351749,0.9582258433671775,0.9631755098790072,0.9489035700673552,0.9431705275072021,0.9399941020496377,0.9362663664505912,0.9301577902558879,0.9266609874005414,0.9319295714661449,0.9259764565552974,0.9146784285766053,0.34719509406946764
47,0.9756758519445876,0.9810083955339376,0.9861119569974969,0.97988531893965,0.9880189967723271,0.9899223631059717,0.9890488911802122,0.9930865344637635,0.9956106318962105,0.9968702842025935,0.9943493840092982,0.9962406571185889,0.9909502795490748,0.9937181598252464,0.9943493840092983,0.9943493840092982,0.9930865344637635,0.9947421542855102,0.9962406571185889,0.9943493840092982,0.9884858746860881,0.9926094621781906,0.9893988316384532,0.9906663816097941,0.9887644473626299,0.9829081807928114,0.9741126139557144,0.9819610874800941,0.9871438408314078,0.9919771309428063,0.9968702842025937,0.9956106318962105,0.9956106318962105,0.9962406571185889,0.9953727291597306,0.9956106318962105,0.9962406571185889,0.9962406571185891,0.9949802077792987,0.9962406571185891,0.9949802077792987,0.9974995139019973,0.9956106318962105,0.9899223631059717,0.9956106318962105,0.9918220771428294,0.9937181598252466,1.0,0.9875394766531275,0.9596239598546472,0.9645542554803272,0.9503385335982956,0.9446283921019198,0.9414647355284108,0.9377520591074764,0.9316683354335666,0.9281858585519727,0.9334328856105303,0.9275041407037274,0.9162529519923371,0.3571973847267486
48,0.9678001130796776,0.9732539485715306,0.9784727805389122,0.9721053995443601,0.9804226916667577,0.9823687383774892,0.9814756934486498,0.9856036239365585,0.9881839194188108,0.9894715476594382,0.9868946136991934,0.9888279428154104,0.9834196596181956,0.9862493297351749,0.9868946136991934,0.9868946136991934,0.9856036239365585,0.9872961265730471,0.9888279428154104,0.9868946136991934,0.9809000486767415,0.9851159087849205,0.981833478196919,0.9831294111689789,0.9811848708299089,0.9751967351692752,0.9662011517610707,0.9742282182804789,0.9795278752500405,0.9844694607128307,0.9894715476594383,0.9881839194188111,0.9881839194188111,0.9888279428154104,0.9879407278397724,0.9881839194188111,0.9888279428154104,0.9888279428154104,0.9875394766531275,0.9888279428154104,0.9875394766531276,0.9901147347647644,0.9881839194188108,0.9823687383774892,0.9881839194188108,0.9843109435240138,0.9862493297351749,0.9875394766531276,1.0,0.9513777294131998,0.9564226945618794,0.9418741824381361,0.9360284766051136,0.9327892342536983,0.9289874150158423,0.9227565778206311,0.9191892994599813,0.9245639316878741,0.919846197066165,0.9083341978046313,0.334000824823535
49,0.9395393769203354,0.9441330467077916,0.949794765251052,0.9428866311617069,0.9519093990862102,0.9540194371756139,0.9530511863338315,0.9575260342401201,0.960322269328194,0.9617173959902661,0.958925151552551,0.9610200810242587,0.9551587510705704,0.9582258433671773,0.958925151552551,0.958925151552551,0.9575260342401202,0.9593602576919922,0.9610200810242586,0.958925151552551,0.9524270198399528,0.9569974246209109,0.9534391113615778,0.9548441016213854,0.95273585437505,0.9475575592601742,0.9364770022680263,0.9451902200704319,0.950939041785293,0.9562967338279182,0.9617173959902661,0.960322269328194,0.9603222693281936,0.9610200810242587,0.9600587553215706,0.9603222693281939,0.9610200810242587,0.9610200810242587,0.9596239598546472,0.9610200810242587,0.9596239598546472,0.9624142152700145,0.9603222693281939,0.9540194371756139,0.9603222693281936,0.9561249089088295,0.9582258433671778,0.9596239598546472,0.9513777294131998,1.0,0.9258529874603246,0.9113872527318179,0.9063982550235602,0.9001301313021925,0.8959859309161139,0.8905781933901985,0.8852971196593857,0.891161825528372,0.8845348020786559,0.8719416075961963,0.2852565383583818
50,0.9434433552079385,0.9492795942408255,0.9548618585640167,0.9480507357532594,0.9569469404843625,0.9590275575791174,0.9580727991449055,0.9624854074166952,0.9652429006489546,0.9666187407700483,0.9638651255613647,0.9659310620768247,0.9601510132071659,0.9631755098790072,0.9638651255613649,0.9638651255613647,0.9624854074166952,0.9642942047066134,0.9659310620768248,0.9638651255613646,0.9574573377175454,0.9619641346432687,0.9584553168265829,0.9598407414780566,0.9577618643009997,0.9526678095609077,0.9417317696383257,0.9503218947750042,0.9559901355566078,0.9612731754689606,0.9666187407700485,0.9652429006489546,0.9652429006489546,0.9659310620768247,0.9649830327224228,0.9652429006489546,0.9659310620768247,0.9659310620768248,0.9645542554803272,0.9659310620768248,0.9645542554803272,0.9673059377312868,0.9652429006489546,0.9590275575791177,0.9652429006489546,0.9611037380683676,0.9631755098790075,0.9645542554803272,0.9564226945618793,0.9258529874603244,1.0,0.918370389763117,0.9093888511027772,0.9072782462442399,0.9018285718219841,0.895134059438895,0.8912995109068729,0.8970763208009874,0.8905486624742824,0.8781464244280238,0.27099529013309714
51,0.9283574262056298,0.934436277219953,0.9402491273748351,0.9331564663375115,0.9424199731782208,0.9459058851204293,0.9435920590171395,0.948185297106134,0.9510552264397328,0.9524870399238217,0.9496213151854529,0.9517713948396171,0.945755453452024,0.9489035700673549,0.9496213151854529,0.9496213151854527,0.948185297106134,0.9500678858006608,0.9517713948396171,0.9496213151854529,0.9429513341526985,0.9476427315020032,0.9439902696606192,0.9454324768546734,0.9432683630683273,0.9366006571154651,0.9279155005949554,0.9355217403295514,0.9414238372833178,0.9469235294727342,0.952487039923822,0.9510552264397328,0.9510552264397328,0.9517713948396174,0.9507847768827792,0.9510552264397328,0.951771394839617,0.951771394839617,0.9503385335982956,0.951771394839617,0.9503385335982956,0.953202162814261,0.9510552264397328,0.9445859745440723,0.951055226439733,0.9467471630826438,0.9489035700673549,0.9503385335982956,0.9418741824381361,0.9113872527318178,0.918370389763117,1.0,0.8928547997635107,0.8920004194210734,0.8849652097439213,0.8793781588051633,0.8739725829281867,0.8800044495042,0.8745962026778833,0.860232108226104,0.2584025409675337
52,0.9222928093669656,0.9284704843461726,0.9343772619870908,0.9271699186570094,0.9365830436363183,0.9387838265065727,0.9377739601999592,0.9424407789953863,0.9453565105549206,0.9468111256658677,0.9438997314803256,0.9460840880180564,0.9399720532385427,0.9431705275072021,0.9438997314803254,0.9438997314803256,0.9424407789953863,0.9443534274667399,0.9460840880180562,0.9438997314803256,0.9371229442180994,0.9418895395527592,0.9381785634193216,0.9396439012380863,0.9374450659834097,0.9306699025392887,0.9204806684952782,0.929573529260044,0.9369023869958545,0.9411588325542478,0.9468111256658676,0.9453565105549209,0.9453565105549209,0.9460840880180562,0.9450817504191732,0.9453565105549209,0.9460840880180562,0.9460840880180562,0.9446283921019198,0.9460840880180562,0.94462839210192,0.9475376246687298,0.9453565105549206,0.9387838265065724,0.9453565105549206,0.9409796435857551,0.9431705275072021,0.9446283921019198,0.9360284766051138,0.9063982550235601,0.9093888511027772,0.8928547997635107,1.0,0.8825102232706679,0.8795775188464371,0.8738881302496067,0.8669952409701708,0.8731309785747592,0.8676137230841493,0.8544489152689743,0.2297463825918588
53,0.9189315124780871,0.9251642867225871,0.9311234341403885,0.9238521491501961,0.9333486945942703,0.9355688702877192,0.934550110433502,0.9392579551581313,0.9421992245405706,0.9436665531402085,0.9407296951015244,0.9429331633439542,0.9367675501123802,0.9399941020496376,0.9407296951015244,0.9407296951015244,0.9392579551581313,0.9425131871910585,0.9429331633439542,0.9407296951015244,0.9338933565244312,0.9387018794812072,0.9349582779080088,0.9364365124966075,0.9342183178640433,0.9273832406458079,0.9211639800139103,0.9262771344261062,0.9323276042963362,0.9379647577141994,0.9436665531402085,0.9421992245405706,0.9421992245405707,0.9429331633439542,0.9419220609616733,0.9421992245405706,0.9429331633439542,0.9429331633439542,0.9414647355284107,0.9429331633439542,0.9414647355284108,0.9443993951266995,0.9421992245405707,0.9355688702877192,0.9421992245405706,0.9377839949759248,0.9399941020496377,0.9414647355284108,0.9327892342536983,0.9001301313021925,0.9072782462442399,0.8920004194210733,0.8825102232706679,1.0,0.8744117448859002,0.8686512311600483,0.8631250815909288,0.8707306755897857,0.8651615845070203,0.8518882812292983,0.22683476672616182
54,0.9163425053659624,0.9212835039844888,0.9273044134746798,0.9199577192263788,0.9308926255117727,0.9317956930239654,0.930766444506943,0.935522673543373,0.9384940613466041,0.9399763838363883,0.9370094945563016,0.9392355025117121,0.9330067007889749,0.9362663664505912,0.9370094945563016,0.9370094945563016,0.9355226735433728,0.937471848890822,0.9392355025117121,0.9370094945563016,0.9301029235438129,0.9349608941928984,0.9311788155070865,0.932672259997239,0.9304312337492969,0.9248723728049032,0.9131382446762911,0.9224079125292177,0.9285210209215412,0.9342162070946727,0.9399763838363885,0.938494061346604,0.9384940613466041,0.9392355025117121,0.9382140632254219,0.9384940613466041,0.9392355025117121,0.9392355025117121,0.9390827573573256,0.9392355025117121,0.9377520591074763,0.9407167065498039,0.9384940613466041,0.9317956930239654,0.9384940613466041,0.9340335883139719,0.9362663664505912,0.9377520591074763,0.9289874150158423,0.8959859309161139,0.9018285718219841,0.8849652097439213,0.8795775188464368,0.8744117448859,1.0,0.86415629088587,0.8614300181876565,0.8648411561196387,0.8606179404825512,0.8486401735029441,0.2251695307209536
55,0.908517364302009,0.9149223543163254,0.9210451888200157,0.9162934674203872,0.9233313328866577,0.9256121237809601,0.9245655657576176,0.9294016440047282,0.9324227369559752,0.9339298043224596,0.9309133536320673,0.9331765594901938,0.9268434764659267,0.9301577902558879,0.9309133536320673,0.9309133536320673,0.9294016440047282,0.9313834405171789,0.9331765594901938,0.9309133536320673,0.9238908771000853,0.9288304517766351,0.9249848738586344,0.9265034193752006,0.9255723374865283,0.918557939768529,0.9093736469230266,0.9174227063879394,0.9222823214780196,0.9280732794879574,0.9339298043224596,0.9324227369559754,0.9324227369559752,0.9331765594901938,0.9321380609103838,0.9324227369559754,0.9331765594901938,0.9331765594901938,0.9316683354335668,0.9331765594901938,0.9316683354335668,0.934682472734368,0.9324227369559752,0.9256121237809601,0.9324227369559752,0.927887597652571,0.9301577902558879,0.9316683354335668,0.9227565778206309,0.8905781933901985,0.895134059438895,0.8793781588051631,0.8738881302496067,0.8686512311600486,0.86415629088587,1.0,0.851120579856386,0.8574951938607441,0.8517273702909482,0.8409500143601648,0.2231679482588667
56,0.9061837378412213,0.9112799603215194,0.9174615470703863,0.9112834249475861,0.9197695443342565,0.9220720922064857,0.9210155564041902,0.9258976625649772,0.9289474075250062,0.9304687388724511,0.9274237189525383,0.9297083671929823,0.9233151724082641,0.9280069341396029,0.9274237189525383,0.9274237189525383,0.9258976625649772,0.9278982631868347,0.9297083671929823,0.9274237189525383,0.9203344303235966,0.9266684794176017,0.9214388632801638,0.9229718778856235,0.9206714529099229,0.9135818912855117,0.9070341390736288,0.915158239966781,0.9187105110749877,0.9245566751865347,0.9304687388724511,0.9289474075250062,0.9289474075250059,0.9297083671929826,0.9286600349326082,0.9289474075250063,0.9297083671929826,0.9297083671929823,0.9281858585519727,0.9297083671929826,0.9281858585519727,0.9312285238751922,0.9289474075250059,0.9220720922064857,0.9289474075250059,0.9243692276947759,0.9266609874005414,0.9281858585519727,0.9191892994599813,0.8852971196593857,0.8912995109068731,0.8739725829281867,0.866995240970171,0.8631250815909288,0.8614300181876565,0.8511205798563862,1.0,0.8547170792239404,0.8488902100085928,0.8336247450061804,0.22316042434746447
57,0.9103938336562303,0.9167676232381615,0.9228608021784994,0.9154258696329164,0.9251359157525876,0.9274057247459957,0.9263642030339332,0.9311770486085011,0.9341836794622108,0.9356835471021988,0.9326815167052238,0.9349338995357919,0.928631157941304,0.9319295714661449,0.932681516705224,0.9326815167052238,0.9311770486085011,0.9331493537444623,0.9349338995357915,0.9326815167052238,0.9256927636860771,0.930608595126058,0.9267814927417082,0.9282927349506761,0.9260249925245991,0.9203896127257643,0.9112541924338126,0.919259888393939,0.9240919629118366,0.9311958478820829,0.9356835471021988,0.934183679462211,0.934183679462211,0.9349338995357918,0.9339003644964303,0.934183679462211,0.9349338995357918,0.9349338995357915,0.9334328856105303,0.9349338995357918,0.9334328856105303,0.9364326234277826,0.9341836794622108,0.9274057247459957,0.9341836794622108,0.9296702648749854,0.9319295714661451,0.9334328856105303,0.9245639316878741,0.891161825528372,0.8970763208009872,0.8800044495042,0.8731309785747592,0.8707306755897857,0.8648411561196387,0.8574951938607441,0.8547170792239404,1.0,0.8524605864989308,0.8402812406046375,0.23496337116061308
58,0.9040879023047873,0.9105668419068408,0.9167599649206712,0.9092030045549226,0.9190722531711603,0.9213790731444373,0.9203205781499915,0.9252117221597992,0.9282670931258507,0.9297912253025302,0.9267405956242635,0.9290294542179521,0.9226244561111208,0.9259764565552974,0.9267405956242635,0.9267405956242635,0.9252117221597994,0.9272160150878728,0.9290294542179521,0.9267405956242635,0.9196381880465773,0.9246340385788966,0.9207446702073802,0.9222805259000135,0.9199758361694638,0.9128730762480768,0.9035607934277899,0.9117234857734792,0.9193670564564272,0.9238682562055448,0.9297912253025302,0.9282670931258508,0.9282670931258508,0.9290294542179521,0.9279791910485987,0.9282670931258508,0.9290294542179521,0.9290294542179521,0.9275041407037272,0.9290294542179521,0.9275041407037272,0.9305524076972883,0.9282670931258507,0.9213790731444371,0.9282670931258507,0.9236804620166014,0.9259764565552974,0.9275041407037272,0.9198461970661647,0.8845348020786559,0.8905486624742824,0.8745962026778833,0.8676137230841493,0.8651615845070203,0.8606179404825512,0.8517273702909482,0.8488902100085927,0.8524605864989309,1.0,0.8312996013994688,0.22169839192550841
59,0.8935000062121847,0.8987928106861482,0.9051780187164375,0.8973865305383858,0.90756175487449,0.9099397086606825,0.9088485915445446,0.913890223630864,0.9170392733314637,0.9186100424055255,0.9154660042180244,0.9178249696620568,0.9112234346087932,0.9146784285766053,0.9154660042180244,0.9154660042180243,0.913890223630864,0.9159559971494841,0.9178249696620567,0.9154660042180244,0.9081451544871902,0.9132947998578159,0.9120240828529123,0.910868919637039,0.9084932182718406,0.9039269217665381,0.8957131134058934,0.899985409106833,0.9078402464251394,0.9125054870635428,0.9186100424055255,0.917039273331464,0.917039273331464,0.9178249696620568,0.9167425547647565,0.917039273331464,0.9178249696620567,0.9178249696620567,0.9162529519923369,0.9178249696620567,0.9162529519923371,0.9193944929780636,0.9170392733314637,0.9099397086606825,0.9170392733314637,0.9123119200509112,0.9146784285766053,0.9162529519923371,0.9083341978046313,0.8719416075961965,0.8781464244280238,0.860232108226104,0.8544489152689743,0.8518882812292985,0.8486401735029442,0.8409500143601648,0.8336247450061804,0.8402812406046373,0.8312996013994688,1.0,0.19472412941455178
60,0.3174272057090578,0.3128341517092294,0.32878359924531875,0.3295180868083319,0.33866650440138046,0.34501596042049204,0.3404964155019474,0.34741370444291103,0.35349621917436896,0.35999977523640353,0.3574217279848346,0.3532748955182032,0.34683653828530747,0.36113029461843327,0.3539401172764368,0.35742172798483457,0.35221546468374876,0.3559684135258685,0.3567499626247772,0.35394011727643687,0.3474039367378104,0.35472845718459817,0.3486223316931742,0.34668733442387156,0.3403453097357901,0.33265771103999214,0.3381969196004559,0.34960744078295153,0.3510560860072721,0.3486537479296274,0.35999977523640353,0.35697346338032704,0.360450707586285,0.3567499626247771,0.3522670899480282,0.36045070758628506,0.3567499626247771,0.3602250297313511,0.35371795932447114,0.3602250297313511,0.3537179593244712,0.35977494277942645,0.3569734633803269,0.3415189364021296,0.35349621917436896,0.3443617735930954,0.34719509406946764,0.3571973847267486,0.33400082482353494,0.2852565383583817,0.27099529013309714,0.2584025409675337,0.2297463825918588,0.22683476672616176,0.2251695307209536,0.2231679482588667,0.2231604243474645,0.23496337116061308,0.2216983919255084,0.19472412941455178,1.0
